{
    "loss": 0.5779960751533508,
    "accuracy": 0.9051724076271057
}